,자치구별,2021병원수
0,종로구,489.0
1,중구,572.0
2,용산구,323.0
3,성동구,460.0
4,광진구,559.0
5,동대문구,596.0
6,중랑구,535.0
7,성북구,533.0
8,강북구,467.0
9,도봉구,366.0
10,노원구,737.0
11,은평구,688.0
12,서대문구,437.0
13,마포구,762.0
14,양천구,651.0
15,강서구,887.0
16,구로구,583.0
17,금천구,356.0
18,영등포구,793.0
19,동작구,595.0
20,관악구,710.0
21,서초구,1306.0
22,강남구,2790.0
23,송파구,1214.0
24,강동구,852.0
25,평균,730.44
