자치구별,2020년 병원갯수
종로구,494
중구,572
용산구,310
성동구,456
광진구,552
동대문구,586
중랑구,531
성북구,540
강북구,466
도봉구,367
노원구,734
은평구,677
서대문구,441
마포구,742
양천구,638
강서구,861
구로구,569
금천구,354
영등포구,779
동작구,588
관악구,698
서초구,1251
강남구,2693
송파구,1194
강동구,823
